,SIMULATION,CAL_NO_HWAM,CAL_WITH_HWAH
ADAT,8.087689057185266,5.493502655735358,5.493502655735358
MDAT,11.646937914778187,8.99483055672457,8.99483055672457
HWAM,,,
