,SIMULATION,CAL_WITH_HWAH
ADAT,8.89675075030449,8.525537086230734
MDAT,11.519910300576708,10.793852249165337
HWAM,3152.396788128665,2331.006607438419
