,SIMULATION,CAL_WITH_HWAH
ADAT,8.511877277928797,7.490946917065005
MDAT,10.584634276091956,9.647420757525158
HWAM,2599.7651638132133,1662.4295699367237
